map_id,author,name,difficulty,type
0,Cowcowtony,Escape From The Sun (HD),★★★☆,"[SPD, LVA]"
1,MaskSlave,MAS Racing,★★★☆,[LVA]
2,Kari,Unnamed Map,★★★,[LVA]
3,Eliope,"Makina Ice (Extended, CP added)",☆,[SPD]
4,Riblei,Island Racers 2nd Part Only,★★★,[SPD]
5,oNoto,Happy Birthday XII (Final),★★★★,[LVA]
6,Zil,Irì spid √3,★★☆,[SPD]
7,MaskSlave,MaskSlave 6,★★★★,[LVA]
8,Eliope & Riblei,ZYX_ZYX (Drunk Edit),★★★★,[LVA]
9,Eliope & Alex4win,Makina ABC (Drunk),★★★★,[LVA]
10,oNoto,LaLy Short Lava,★★★☆,[LVA]
11,Riblei,House Surfing,★★★,[SPD]
12,Zil,Irì spid,★★★,"[SPD, LVA]"
13,Sebas Tian,Yegrocia Region (Ft. Riblei),☆,[SPD]
14,Sylcium,Long Racing Map (Lava Edit by Alex4win),★★★☆,[LVA]
15,Sylcium,Hard Racing Map (Shadow Floor by Sub),★★★,[SPD]
16,Eliope,Makina Royal (Upside Down),★★,[SPD]
17,Hongyao,Hong Racing (Lava),★★,"[SPD, LVA]"
18,Ben,Lobby,★★★☆,[LVA]
19,MaskSlave,I7 Racing,★★★☆,[LVA]
20,MaskSlave,EZ Racing,★★★☆,"[SPD, LVA]"
21,Eliope,Makina Last,★★★☆,"[SPD, LVA]"
22,Sub,Racing City (with CP),☆,[SPD]
24,Yuukihito,Unnamed (Lava),★★★★☆,[LVA]
25,Cowcowtony,Future Trax 6 Bend (Fixed by Fruity),★★★★,"[SPD, LVA]"
26,Zil,Irì first,★★★☆,"[SPD, LVA]"
27,Zil,Irì ash,★★★☆,"[SPD, LVA]"
28,Riblei,Celestial Marine (Water Edit) (ft.Alex4win & Sylvia),☆,[SPD]
29,oNoto,Laly Red (Pink) (Finish added),★★★☆,[LVA]
30,Eliope,Racing Guts,★,[SPD]
31,Riblei & Eliope,Machina 2 (Pyramid Skip Ver.),★★★☆,[SPD]
33,oNoto,LaLy Red Lava,★★★☆,[LVA]
34,Eliope,Makina Skulpt,☆,[SPD]
35,MaskSlave,MS Racing 2,★★★,[LVA]
36,Eliope,222 'Towers Map',★★★,"[SPD, LVA]"
37,Eliope,Makina Honor (Grassy),★★★,[SPD]
38,oNoto,Racing 001 (Normal),★★,"[SPD, LVA]"
39,Pixell,Winter Speed,★★,[SPD]
40,MaskSlave,Twins Racing,★★★,[SPD]
41,Eliope,222 'Towers Map' (Retextured3),★★★,"[SPD, LVA]"
42,Pixell,"Winter Speed (Snow Mountain) (ft. Riblei, Zechten, Sylcium, Eliope)",★★,[SPD]
43,Zil,reeeeeeeeeeeeeeeeeeeee,★,[SPD]
44,MaskSlave,MaskSlave 3,★★★,[LVA]
45,Mb12,Hard unfinished (Finish added),★★★★☆,[LVA]
46,Appolina,Endless Lava Obstacles 2 'Candy Land' (Early Version),★★★★☆,[LVA]
47,Ace,Race 2,★☆,"[SPD, LVA]"
48,Eliope,Makina Speed (ASO),☆,[SPD]
49,Riblei,Celestial Marine I (ft. Alex4win & Sylvia),★★★★,[LVA]
50,Guest Creator,Ice World,★★★★★,[LVA]
51,Eliope,"Makina Honor (Desert, Low Res)",★★★,[SPD]
52,Eliope,The Way Of The Racers (Dark),★☆,[SPD]
53,Chrysoprase,Hall of Mirrors,★★☆,[LVA]
54,Cowcowtony,Future Trax 5,★★★★★,[LVA]
55,Eliope,Makina Honor,★★★,[SPD]
56,Mb12,Lava Madness,★★★,"[SPD, LVA]"
57,Esli,Tube Map,★★★★★,[LVA]
58,Eliope & Riblei,Nano Merged,★★,[SPD]
59,Eliope,Makina Honor (Wooden),★★★,[SPD]
60,Riblei,Celestial Ellestra,★★★★,"[SPD, LVA]"
61,Eliope,222 + 2 (Edit by Riblei),★★★,"[SPD, LVA]"
62,Eliope,Makina Source LV1 (Texture Edit),★,[SPD]
63,Zil,reeeeeeeeeeeeee2,★☆,[SPD]
64,Naito,Ntk 4,★★★★★,[LVA]
65,oNoto,100 Subs Map,★★★☆,"[SPD, LVA]"
66,Zil,Irì shuriken,★★,[SPD]
67,Eliope,BOTR 2 (cylinder CP fixed),★★★★★,[LVA]
68,Rayzu & Riblei,Ex'd II,★★,[SPD]
69,Guest Creator,Lava Maze Map,★★★★★,[LVA]
70,DarkLight,Run 4 Ur Life,★★,[SPD]
71,oNoto,Racing LST,★★★★★,[LVA]
72,Guest Creator,Anthill Race,★★,"[SPD, LVA]"
73,Eliope,District Racers (Extended by Riblei),☆,[SPD]
74,El_Mata_Pokemon,No Hook No Gas Map,★★★☆,[LVA]
75,Sebas Tian - SAC,City Run,☆,[SPD]
76,oNoto,Racing Lava Hard,★★★☆,[LVA]
77,Ryu,Hell On Earth,★★★★★,[LVA]
78,oNoto,LaLy LoZy Lava,★★★☆,[LVA]
79,Riblei,40 Yards Downwards,★★★,"[SPD, LVA]"
80,AndyXest,Collapse of the Arenas,☆,[SPD]
81,Cowcowtony,Three Lap Racing,☆,[SPD]
82,Riblei,Island Racers,★★★☆,"[SPD, LVA]"
83,oNoto,LaLy Rises (Easy),★★★★,[LVA]
84,ZeroX,Final V (completed) (Ceiling fixed),★★★★,[LVA]
85,MaskSlave,MaskSlave 2,★★★☆,[LVA]
86,Eliope,Nawak 3,★★★☆,[LVA]
87,Guest Creator,Short Fall,★★★★☆,[LVA]
88,oNoto,LaLy Blet,★★★☆,[LVA]
89,Sebas Tian - SAC,City Run Lv1,★★★,[LVA]
90,Eliope & Riblei,BOTR I & II & IV (Tourney Version),★★★★☆,[LVA]
91,Eliope,Zig-Zag H,☆,[SPD]
92,Incendium,"Inferno 2 (Campfire Edition, hookable walls)",★★★,"[SPD, LVA]"
93,Hongyao,Hong's Racing Akina (Grey Walls),★★,[SPD]
94,Eliope,Makina ABC,★★★,[LVA]
95,Eliope,Makina Source LV1 (Snowing Edit by Riblei),★,[SPD]
96,Nexus,Racing map (Turns Colored by Fruity),☆,[SPD]
97,Riblei & Eliope,Makina Royal + Machina II,★★★☆,"[SPD, LVA]"
98,Cowcowtony,Escape From Punk,★,[SPD]
99,Eliope,BOTR Special Training,★★★★★,[LVA]
100,Eliope,Makina Royal (Lava),★★★,[LVA]
101,Eliope,Blood Of The Racers 1 (Hard Edition),★★★★★,[LVA]
102,Alex4win,"Akina (Lava, Upside Down)",★★★☆,[LVA]
103,Cowcowtony,Lost In Wormhole,☆,[SPD]
104,Incendium,Full Double Inferno Experience,★★★★★,[LVA]
105,AndyXest,Celestial Statue,★★★,"[SPD, LVA]"
106,Dany,The Nuke (Hard),★★★★★,[LVA]
107,Gameboy8,Nyan Racing map,★★★★,"[SPD, LVA]"
108,Konor,Hot Lava (Hard),★★★,[LVA]
109,Zender,Eternal Haste (Hard),★★★★☆,[LVA]
110,Riblei,Celestial Ellestra (Visible Lava),★★★☆,"[SPD, LVA]"
111,Appolina,Endless Lava Obstacles 3 'Tribute' (V1),★★★★,[LVA]
112,Riblei,Celestial Bullet,★★★,"[SPD, LVA]"
113,Unknown,Stage 1,★★★★,[LVA]
114,Cowcowtony,Future Trax 11,★★★★,[LVA]
115,Unknown,Wind Series 'Vata Racing',★★★,"[SPD, LVA]"
116,Cowcowtony,Future Trax 7,★★★★☆,[LVA]
117,Zil,Irì shuriken (alpha ver),★★,[SPD]
118,Cherry,A ride of love (Lv2),★★★☆,[LVA]
119,Riblei & Eliope,"Machina 2 Black Edition (Later Half Cut, Trap)",★★★★☆,[LVA]
120,Cowcowtony,Bug On The Rose (Basic),★★★★★,[LVA]
121,Sylvia,Perrie Map,★★★★,[LVA]
122,Eliope & Zender,Blood Of The Racers 4,★★★★☆,[LVA]
123,Appolina,Endless Lava Obstacles 3 'Tribute' (V2),★★☆,"[SPD, LVA]"
124,Saif,Custom Map Racing 1,★☆,[SPD]
125,Fruity,Squid Game,★★★,"[SPD, LVA]"
126,Zechten,Velocity Buraun,★★,[SPD]
127,Riblei,Deathdream,★★★★★,[LVA]
128,Eliope,Makina Speed (Lava Edit by Riblei),★★★☆,[LVA]
129,Titan Tv,Ball Face,★★★★★,[LVA]
130,Zil,Ori,★★★☆,"[SPD, LVA]"
131,Cowcowtony,Simple Mindfuck,☆,[SPD]
132,Eliope & Riblei,Makina Construct Unfinished,★★★★☆,[LVA]
133,oNoto,Racing ZOT (Hard),★★★,[LVA]
134,Eliope,The Flowers of the Racers 1,☆,[SPD]
135,Xynz,Unknown,★,"[SPD, LVA]"
136,Eliope,Makina Source Lv2,★★★,[LVA]
137,Zil,Irì shaft,★★★,[SPD]
138,Eliope & Riblei,The Troll Of The Racers,★★★★☆,[LVA]
139,Chrysoprase & Riblei,The Space Cube in Space (Old Ver),★★★★,[LVA]
140,Hongyao,Hong’s Racing Akina (Brown Walls),★★,[SPD]
141,Mb12,Original Lava Madness,★★★☆,[LVA]
142,Cowcowtony,Watch Out Your Head,★,[SPD]
143,Mb12,Cave Race,★,[SPD]
144,Eliope & Cowcowtony,Cycled Source 1,☆,[SPD]
145,oNoto,LaLy RaceZy,★★★,"[SPD, LVA]"
146,Eliope,The Way Of The Racers (Ancient),★☆,[SPD]
147,Eliope,BotR Moving,★★★★★,[LVA]
148,Zil,Irì shuriken (beta ver),★★,[SPD]
149,Cherry,Despair,★★★★★,[LVA]
150,Riblei & Eliope,Machina II (Training Elevator CP),★★★★,[LVA]
151,Unknown,Unknown Lava Racing Map,★★★☆,[LVA]
152,Guest Anon,Pro Hard Racing,★★,"[SPD, LVA]"
153,Sub,Unfinished Map,★★★,[SPD]
155,John,Indoor Racing,★,[SPD]
156,oNoto,BOTR1 x BOTR2,★★★★,[LVA]
157,Charlotte,Chess lll “Knight”,★★★★★,[LVA]
158,Eliope & Riblei,Makina Speed + Makina Team,★★★,"[SPD, LVA]"
159,AbsoluteS,Pace,★★☆,"[SPD, LVA]"
160,oNoto,Racing 001 (Hard Reversed),★★★,"[SPD, LVA]"
161,Konor,Fire Tail; Fire Snake (V1),★★★,[LVA]
162,Eliope,Makina Royal,★★,[SPD]
163,Eliope & Riblei,Makina Fire + Ice,★,[SPD]
164,Sylcium,Indigo Racing,★★★,[SPD]
165,Eliope,Makina Honor (Semi Lava Reskin),★★★,[SPD]
166,Eliope,District Racers,☆,[SPD]
167,Cyan,Cyan's Map,★★★,"[SPD, LVA]"
168,Eliope,Port Racers I,☆,[SPD]
169,oNoto,Racing BaBaBa,★★★,"[SPD, LVA]"
170,Loki,Unknown (6),★★★★★,[LVA]
171,Hongyao,Hong's Racing Akina (Lava Edit by Riblei),★★★,"[SPD, LVA]"
172,MaskSlave,MaskSlave 5,★★★☆,[LVA]
173,Zechten,Velocity Midori,★★,[SPD]
174,Riblei,Celestial Automatic (Short + Thicker Poles),★★★★,[LVA]
175,oNoto,Racing 001 (Normal Reversed),★★,"[SPD, LVA]"
176,oNoto,Lava Blood Normal,★★★☆,"[SPD, LVA]"
177,Riblei,Celestial Dreams Final With Logic (Unfinishable),★★★,"[SPD, LVA]"
178,Dany,The Nuke,★★,[SPD]
179,Appolina,Red Mirrored Akina (Beta Version),★★★★☆,[LVA]
180,Sylcium,Long Racing Map,★★★,[SPD]
181,Eliope,Blood Of The Racers (Easy Edit by Loki),★★★,"[SPD, LVA]"
182,Esli,Tunnel Racing,★★★,[LVA]
183,MaskSlave,H.O.T,★★★☆,[LVA]
184,Eliope,Training Avenue,☆,[SPD]
185,Chrysoprase,Another Brick in The Wall,☆,[SPD]
186,Naito,N3,★★★☆,"[SPD, LVA]"
187,ZeroX,Final V (incomplete) (Ceiling fixed),★★★★,[LVA]
188,Zender,Spear,★★★★☆,[LVA]
189,Riblei,Celestial Marine II,★★★☆,[SPD]
190,Rayzu,Town Laps 2,☆,[SPD]
191,oNoto,Racing 002 (Hard),★★★,"[SPD, LVA]"
192,Eliope,Circus,★★★★,[LVA]
193,Incendium,Inferno 1 (Campfire Edition),★★★☆,[LVA]
194,Eliope,Makina Ice (Thicker End by Zechten),☆,[SPD]
195,ZeroX,Code 30,★★★☆,[LVA]
196,Fate & Riblei & Alex4win,Fuck It,★★★☆,[LVA]
197,oNoto,Circle Lava,★★★★,[LVA]
198,Eliope,Port Racers 2 (Lava Edit by Riblei),★★★☆,[LVA]
199,Naito,N1 Map,★★★,"[SPD, LVA]"
200,Rayzu,RBLR,★★★☆,[LVA]
201,Riblei,Celestial Dreams (updated),★,[SPD]
202,ZeroX,FALR (Mini),★★★☆,[LVA]
203,Eliope & Riblei,Makina ZYX + ZYX (Drunk),★★★★,[LVA]
204,Aila,A-12,★★★★☆,[LVA]
205,Riblei,Celestial Marine I Super Racers Waterworld (Hard),★★★★★,[LVA]
206,Cowcowtony,Racing Volcano (Lava),★★★☆,"[SPD, LVA]"
207,Eliope,Nawak 2,★★★☆,[LVA]
208,Mb12,Tomb Escape 2,★★★★,[LVA]
209,Eliope,The Way Of The Racers (Winter),★☆,[SPD]
210,Chrysoprase,Brutalism,☆,[SPD]
211,oNoto,The End Of Laly (Transparent Tube Edit),★★★★☆,[LVA]
213,Eliope,Makina ABC (texture cool),★★★,[LVA]
214,Cowcowtony,Future Trax 1 (Rainbow Edit),★★★☆,"[SPD, LVA]"
215,oNoto,Racing Lava (Tited Stairs),★★★☆,[LVA]
216,oNoto,Racing LavaEZ,★★★☆,[LVA]
217,Riblei,Machina Classic,★★★☆,"[SPD, LVA]"
218,Yuukihito,Unnamed (Speed),★★,[SPD]
219,Sebas Tian - SAC,Volcano Escape (Bug Fixed),★★★,"[SPD, LVA]"
220,LuigiKkjk,Z Racing,★★,[SPD]
221,Eliope,40 Yards Quadrated,☆,[SPD]
222,Loki,Racing Hard 123,★★★★★,[LVA]
224,PR0XY,The Sandstone Temple (Lava),★★★☆,[SPD]
225,Eliope,Zig-Zag Z,☆,[SPD]
226,Cowcowtony,Speedy Long Jump,★★★★☆,"[SPD, LVA]"
227,Rayzu & Riblei,Ex'd II (Red Lava),★★,[SPD]
228,Juju,SLR 1,★★,[SPD]
229,PTHunter,Racing Map,★☆,[SPD]
230,Eliope & Riblei,Makina Royal + Fire + Ice + TWOTR,★★★★,[LVA]
231,Zil,Irì ash (Lava Edit by Riblei),★★★★☆,[LVA]
232,Aila,Aila 2,★★★☆,[LVA]
233,Zender,Uncompleted racing map,★★★★,[LVA]
234,Nar,NaRacing,★★★★★,[LVA]
235,ZeroX,Long Long Lava Turn Practice Racing Map,★★★★,"[SPD, LVA]"
236,AndyXest,Attack on the Village,★★★★☆,[LVA]
237,Eliope,The Way of the Racers,★☆,[SPD]
238,Ben,Smiley Face Map,★,[SPD]
239,Incendium,Inferno 1,★★★★★,[LVA]
240,Sylcium,Long Racing Map (Shadow Floor by Sub),★★★,[SPD]
241,Guest Creator,Very Hard Racing,★★★★★,[LVA]
242,Appolina,Endless Lava Obstacles 2 'Candy Land',★★★☆,"[SPD, LVA]"
243,Riblei & Eliope,"Machina 2 (Later Half Cut, No Trap)",★★★★☆,[LVA]
244,AndyXest,Collapse of the Arenas (Lava),★,"[SPD, LVA]"
245,Riblei,Celestial Automatic,★★★★☆,[LVA]
246,Envy,Racing Forest (Short),★☆,"[SPD, LVA]"
247,Riblei,Ex'd IV (updated),★,[SPD]
248,Naito,Ntk 2,★★★★★,[LVA]
249,Cowcowtony,Escape From The Sun (Water Edit by Riblei),☆,[SPD]
250,Eliope,Nawak 4,☆,[SPD]
251,Alpi,Galactic Hell,★★★★☆,[LVA]
252,Eliope & Joshy,BOTR 1 & 2,★★★★☆,[LVA]
253,Mb12,Tomb Escape 1,★★★,"[SPD, LVA]"
254,Eliope,Blood Of The Racers 1 (Spoopy Spedition),★★★★☆,[LVA]
255,Unknown Guest Creator,Gift,★★★☆,"[SPD, LVA]"
256,Cowcowtony,Tutorial Racing Map (CPs added by Fruity),★★★,[SPD]
257,Eliope,Race B 1v1,☆,[SPD]
258,Eliope,Curve Right,☆,[SPD]
259,oNoto,LaLy Rainracer (Lava),★★,[LVA]
260,Yourbro,Racing Map,☆,[SPD]
261,AndyXest,Devil's Corridor (Lava),★★★☆,"[SPD, LVA]"
262,Mayoi,OSU Map,★★★★★,[LVA]
263,Eliope,Makina Joconde,★,[SPD]
264,Cowcowtony,Interstellar Future Trax,☆,[SPD]
265,Eliope,Makina Dro Special Training,★★★★★,[LVA]
266,Guest Creator,Fall Race,★★★★,[LVA]
267,oNoto,LaLy Blocky Lava,★★★★,[LVA]
268,Lucy,Ngayn,★★★★,[LVA]
269,Chrysoprase,Pistachio,★★★☆,"[SPD, LVA]"
270,Keno,Purp,☆,[SPD]
271,Riblei,Chimera,★★★★☆,"[SPD, LVA]"
272,Eliope,Race King Rainbow (No Lava),☆,[SPD]
273,Eliope & Riblei,"Makina Speed (Lava, Reverse)",★★★☆,[LVA]
274,Rayzu,RBLR 2,★★★★,[LVA]
275,Cowcowtony,Racing Volcano (Normal),☆,[SPD]
276,Eliope,Makina Honor (Misty),★★★,[SPD]
277,oNoto,Minirace,★★★☆,[LVA]
278,Chrysoprase & Riblei,The Space Cube in Space (Lite Edit),★★★★,[LVA]
279,Naito,Ntk 8,★★★★★,[LVA]
280,Riblei,Machina Classic (Old Version),★★★★,[LVA]
281,Cowcowtony,Future Trax 1,★★★☆,[LVA]
282,MaskSlave,Sweet Wood Racing,★★☆,[SPD]
283,Cowcowtony,Roller Coaster Type B (Hard),★★★★★,[LVA]
284,ZeroX,Very Easy Short Speed Racing Map,★,[SPD]
285,Zender,Eternal Haste,★★★★,[LVA]
286,Eliope,Alia 3 reproduction,★★★,"[SPD, LVA]"
287,Esli,World Of Lava,★★★★★,[LVA]
288,Kari,Racing 2 (Nightmare),★★★★,[LVA]
289,Eliope,Makina Slide,★★★,"[SPD, LVA]"
290,Sebas Tian - SAC,Feng City Run,★,[SPD]
291,Naito,Ntk 6,★★★★★,[LVA]
292,Eliope & Riblei,Nano Merged (Lava Edit),★★★☆,[LVA]
293,Rin,Bus to Hell 1,★★★☆,"[SPD, LVA]"
294,Sylcium,Feng's Akina,☆,[SPD]
295,Zil,puzzle,★,"[SPD, LVA]"
296,Cowcowtony,Falling Fred,★★,"[SPD, LVA]"
297,Fex,IKEA Racing Map,★★,[SPD]
298,Eliope,222 'Towers map' (Retextured2),★★★,"[SPD, LVA]"
299,Sub,Copied City,☆,[SPD]
300,Eliope,Makina Dro (Full Lava Edit by Riblei),★★★★,[LVA]
301,Kari,The Lava Cave,★★★★☆,[LVA]
303,Appolina,Endless Lava Obstacles 1 'Play',★★★☆,"[SPD, LVA]"
304,oNoto,LaLy LowS,★★★,[LVA]
305,Eliope,"Makina Source Lv3 Modified (Texture Edit, CPs added by Riblei)",★★★☆,[LVA]
306,Cowcowtony,Bug On The Rose (HD),★★★★★,[LVA]
307,Eliope,Curve Left,☆,[SPD]
308,Eliope,Blood Of The Racers 1 & 2 (Fusion by oNoto),★★★★★,[LVA]
309,Cowcowtony,Roller Coaster Type B (Easy),☆,[SPD]
310,Naito,Ntk 7,★★★★★,[LVA]
311,Kari,Racing 2,★★★☆,[LVA]
312,Eliope,Makina ABC (Water Edit by Riblei),☆,[SPD]
313,KaiPlus,Kai's Dungeon (Racing Edit by Fruity),★★☆,"[SPD, LVA]"
314,Eliope,"The Way Of The Racers Lv2 (Optimized, Lava Floor Fixed by Zender)",★★★☆,"[SPD, LVA]"
315,KhyleKa,Med Racing,★★,[LVA]
316,Zil,Irì spid 2.0,★,[SPD]
317,Sebas Tian - SAC,Sling Shot,★☆,[SPD]
319,Cowcowtony,Escaping Light,☆,[SPD]
321,Cowcowtony,Pyramid Trax,★★★☆,[LVA]
322,MaskSlave,MaskSlave 1,★★★★,[LVA]
323,Riblei,Celestial Ellestra II,★★★☆,"[SPD, LVA]"
324,Eliope,Racers Chasm,★★,[SPD]
325,Eliope,Makina Source Lv3 (CPs added by Riblei),★★★☆,[LVA]
326,Charlotte,Chess l “Pawn”,★★★,[LVA]
327,Unknown,Vn Map Makers Untitled Lava Map Map),★★★★★,[LVA]
328,Sylvia,Pinku,★★★★★,[LVA]
329,MaskSlave,MS Racing 1,★★★★,[LVA]
330,Riblei,Feng's Akina (Ellestra edit),★★★☆,"[SPD, LVA]"
331,Eliope,Vanish,★,[SPD]
332,Jaydensofye,Boo Hoo Race Map,★,[SPD]
333,Rin,Bus To Hell 2 (Fixed),★★★☆,[LVA]
334,Riblei & Eliope,Machina 2,★★★★★,[LVA]
335,Envy,Racing Forest,★★,"[SPD, LVA]"
336,Eliope,Makina Red and More (Rainbow Edit by Riblei),★★★,"[SPD, LVA]"
337,oNoto,RX001 (V1),★★☆,"[SPD, LVA]"
338,Incendium,Inferno 2,★★★★★,[LVA]
339,Eliope,Blood Of The Racers 2,★★★★★,"[SPD, LVA]"
340,Cowcowtony,Future Trax 6,★★★★,"[SPD, LVA]"
341,Antigasp,Velocity Zones Demo Map,★★★,"[SPD, LVA]"
342,Zek,First,★★★★★,[LVA]
343,Eliope & Riblei,"Makina ZYX + ZYX (Drunk, Tourney Versioni)",★★★★,[LVA]
344,Eliope,K-Rot,★★★,"[SPD, LVA]"
345,Riblei,Steps (Rotated),★★★,"[SPD, LVA]"
346,Riblei,Loope le Loope (Rescaled),★★★★☆,[LVA]
347,Eliope,BOTR1 (Water Edit by Riblei),☆,[SPD]
348,Eliope,Makina Ice (optimized),☆,[SPD]
349,Eliope & Riblei,Makina Honor + Makina Source 3,★★★☆,[LVA]
350,Eliope,Nawak 1,★☆,"[SPD, LVA]"
351,Appolina,Endless Lava Obstacles 3 'Tribute' (Final),★★★☆,[LVA]
352,Incendium,"Inferno 1 (Imp Edition, hookable arrows)",★★★★☆,[LVA]
353,DesertFalcon,Supermarket (Revolt map),☆,[SPD]
354,Sylcium,Racing Map (Fixed by Appolina),★,[SPD]
355,Eliope & Zender,Blood Of The Racers 4 Easy,★★★★☆,[LVA]
356,Eliope & Riblei,"Blood of the Racers I,  II,  IV",★★★★☆,[LVA]
357,Eliope,Makina Royal (Level II),★★★☆,[LVA]
359,Naito,Ntk 5,★★★★★,[LVA]
360,Chrysoprase,Brutalism (Lava),★★★★,[LVA]
361,Cowcowtony,Hard Isolated City Racing (Easy),☆,[SPD]
362,Eliope,The Way Of The Racers (Bois),★☆,[SPD]
363,Riblei,Falling Candies (Obstacle Edit by Eim),★★★☆,[LVA]
364,Sebas Tian - SAC,Cargo Chase 2,★★★,[SPD]
365,YukiharaSaiki,Metal Racing,★★,[SPD]
366,Eliope,Makina Fire (Lighter+Lava),★,[SPD]
367,Kido,Cube Race,★★★,[LVA]
368,AndyXest,HareTroop,★★★★,"[SPD, LVA]"
369,MaskSlave,Letters Map,★★★☆,[LVA]
370,Eliope,Rayt Racing,★★★★☆,[LVA]
371,Eliope,Makina Dro,★★★☆,"[SPD, LVA]"
372,Eliope,40 Yards,☆,[SPD]
373,Hongyao,Going Around,★,[SPD]
374,Cowcowtony,Hard Isolated City Racing (HD),★★★★★,[LVA]
375,Cowcowtony,Future Trax 10,★★★☆,[SPD]
376,Loki & Antigasp,Racing 123 (Sigh Edit),★★★★★,[LVA]
377,Pixell,Antartica,★★★,[SPD]
378,Eliope,Makina Speed ASO (Cyan Edit by NexS7),☆,[SPD]
379,Cowcowtony,Roller Coaster Type C (Easy),☆,[SPD]
380,oNoto,Racing 002,★★,"[SPD, LVA]"
381,Cowcowtony,Future Trax 8,★★★★★,[LVA]
382,Eliope,Makina Speed ASO (Lava Edit by NexS7),★★,[SPD]
383,Cowcowtony,Highway,☆,[SPD]
384,Eliope,Makina Royal + TWOR (Tourney Version),★★★★,[LVA]
385,AndyXest,Devil's Corridor,★★★,"[SPD, LVA]"
386,DarkLight,Maze Map,★★★,[LVA]
387,Riblei,Celestial Steel (updated),★★★,[SPD]
388,Charlotte,Chess ll “Rook”,★★★★★,[LVA]
389,MaskSlave,MaskSlave 4,★★★☆,[LVA]
390,Nabsin,Akina 2.0 (Fixed),☆,[SPD]
391,Eliope,Corridor Left,☆,[SPD]
392,Cowcowtony,Future Trax 2,★★★★☆,[LVA]
393,Riblei,Celestial Automatic (Short),★★★★☆,[LVA]
394,Zil,Irì last,★,[SPD]
395,Appolina,Endless Lava Obstacles 5 (WIP),★★★★☆,[LVA]
396,Naito,Ntk 3,★★★★☆,[LVA]
397,Sebas Tian - SAC,Cargo Chase,★★,[SPD]
398,Riblei,Falling Candies (Obstacle Edit),★★★★,[LVA]
399,Leafy,OCD,★★★★,[LVA]
400,Rayzu & Riblei,Ex'd III (Red Lava),★★★,[SPD]
401,oNoto,RX001 (V2),★★★☆,"[SPD, LVA]"
402,Cowcowtony,Random Turns,★★★☆,"[SPD, LVA]"
403,oNoto,Racing 001 (Hard),★★★,"[SPD, LVA]"
404,Konor,Hot Lava (Easy),★★☆,[LVA]
405,Zil,Easy af 2.0,★★★★★,[LVA]
406,Eliope & Riblei,Race A,☆,[SPD]
407,Unknown,Unknown Racing Map (Stairs Map),★★★☆,[LVA]
408,Eliope,Makina Volcano,★★★★★,[LVA]
409,Riblei,Celestial Dreams Jr. (updated),★,[SPD]
410,Riblei,Track 3,★,[SPD]
411,Kari,Skate,★,[SPD]
412,oNoto,Racing 001 (Easy),☆,[SPD]
413,Eliope,Nawak 5,★★★☆,"[SPD, LVA]"
414,Rayzu & Riblei,Ex'd,★★★,[SPD]
415,Cowcowtony,Ancient Trax,★★★★★,[LVA]
416,Eliope,BOTR2 (Water Edit by Riblei),☆,[SPD]
417,Dany,Nuke (Yellow Lava),★★,[SPD]
418,Eliope,The Way Of The Racers (Aride),★☆,[SPD]
419,ZeroX,Yato,★☆,[SPD]
420,oNoto,LaLy Volcano Long,★★★☆,[LVA]
421,Eliope,Race King Volcano Special Training,★★★★★,[LVA]
422,Eliope,Makina Team (Fixed End Cuboid),☆,[SPD]
423,oNoto,Obstacle Rooms,★★★★,[LVA]
424,COMPANY,PD Race (PUAE),★★★,[LVA]
425,Eliope,Race King Volcano,★★★★★,[LVA]
426,Eliope,Makina Fusion (Source+Red+ABC),★★★,"[SPD, LVA]"
427,Eliope,Makina Source LV2 (Texture Edit),★★★,"[SPD, LVA]"
428,Eliope,Makina Source Lv3,★★★☆,[LVA]
429,Golden Lord,GHoR,★★★★★,[LVA]
430,Alex4win,Accurate Akina recreation,★,[SPD]
431,MaskSlave,M-Square Racing,★★★,"[SPD, LVA]"
432,Eliope,Corridor Right,☆,[SPD]
433,Sebas Tian - SAC,City Run Lv2,★★★★,[LVA]
434,Eliope,Makina Honor (Brick),★★★,[SPD]
435,Zil,Easy af,★★★★☆,[LVA]
436,Kari,Lucky Volcano (V6),★★★★★,[LVA]
437,oNoto,LaLy Rainracer (Color),☆,[SPD]
438,Loki,Unknown (4),★★★★★,[LVA]
439,Rayzu & Riblei,Ex'd III,★★★,[SPD]
440,Mb12,New Galaxy Race,★★★☆,[LVA]
441,Sebas Tian - SAC,Ultimate,★★★★★,[LVA]
442,Eliope,Makina Team (Lava Edit by Riblei),★★★,[LVA]
443,Loki,Unknown (1),★★★★★,[LVA]
444,Eliope,Makina Royal (Level III Edit by Riblei),★★★★,[LVA]
445,Eliope,Makina Honor (Black Texture),★★★,[SPD]
446,Eliope & Riblei,Makina Scratched,★★★★,[LVA]
447,Appolina,Red Mirrored Akina,★★★★★,[LVA]
448,Hongyao,Purple Highway,☆,[SPD]
449,Hongyao,Hong Racing,★,[SPD]
450,Eliope,Makina Honor (MistyLava),★★★,[SPD]
451,oNoto,EZNooB,★★,[SPD]
452,Eliope,Makina Honor (Transparent),★★★,[SPD]
453,Riblei & Eliope,Going Around Experimental,★☆,[SPD]
454,Sebas Tian - SAC,Underground Hunt,★★★,[SPD]
455,Cowcowtony,Future Trax 9,★★★☆,[LVA]
456,Pixell,Pixo Map,★★★,[SPD]
457,Mayoi,[DC] Speed Race,★★★,[SPD]
458,Chrysoprase & Riblei,The Space Cube in Space,★★★★,[LVA]
459,Eliope,Makina Source Lv1,★,[SPD]
460,Eliope & Riblei,Port Racers + Makina Red + Speed(Inverted),★★★★,[LVA]
461,Riblei & Eliope,Longest Line,★★,[SPD]
462,Naito,Double Hooks,★★★★☆,[LVA]
463,Eliope & Zil,Makina Dro + Port Racers 1,★★★☆,[LVA]
464,Eliope,T,☆,[SPD]
465,Riblei,Celestial Steel (Speed Edition),★★☆,[SPD]
466,Sylcium,Indigo Racing (Shadow Floor by Sub),★★★,[SPD]
467,Cowcowtony,Simple Marathon,☆,[SPD]
468,MaskSlave,MS Racing 3,★★★☆,[LVA]
469,Hixan,The Large Maze V3,★★★☆,[LVA]
470,Unknown,Wind Series 'Vata Racing' LV2,★★★★,[LVA]
471,Eliope,Makina Iceci,☆,[SPD]
473,PR0XY,The Sandstone Temple (Normal),★★★,[SPD]
474,Cowcowtony,Experimental Map,☆,[SPD]
475,Fate,Fuck It,★★★,"[SPD, LVA]"
476,Cowcowtony,Rainbow Road SNES (Hookable),☆,[SPD]
477,Eliope & Riblei,Port Racers + Makina Red,★★★★,[LVA]
478,Esli,Esli's Balltower,★★★★★,[LVA]
479,oNoto,Racing ZOT (Easy),☆,[SPD]
480,Cowcowtony,Future Trax 4,★★★★★,[LVA]
481,Zender,EWeek Map,☆,[SPD]
482,Zil,irì city,★★,[SPD]
483,Madzik,Horse Racing,★★,"[SPD, LVA]"
484,Eliope,Makina Red,★★★,"[SPD, LVA]"
485,Zender,Algernon (Static),☆,[SPD]
486,Aether Ko,The Tower's Trail Route 5,★★★★,[LVA]
487,Unknown,Vn Map Makers Tiny Untitled Lava Map,★★★☆,[LVA]
488,Zender,Snail,★★★,[LVA]
489,Eliope,Port Racers III,★,[SPD]
490,Eliope,Port Racers II,★,[SPD]
491,Zil,UwU,★★★,"[SPD, LVA]"
492,Sylcium,"Long Racing Map (Lava, Texture Edit by Riblei)",★★★☆,[LVA]
493,Zender,Spear (Everything Hookable),★★★★,[LVA]
494,Cowcowtony,Simple Inclined Curve Path,★★★★,[LVA]
495,oNoto,LaLy First,★★★☆,[LVA]
496,oNoto,The End Of LaLy,★★★☆,[LVA]
497,Cowcowtony,Future Trax 3,★★★☆,[LVA]
498,Zender,Snail (Hard),★★★☆,[LVA]
499,Zil,Irì crystal,★★★,[SPD]
500,LuigiKkjk,Dark Racing,★☆,[SPD]
502,Hongyao,Hongs Racing Akina (Drunk Edit by Riblei),★★★☆,"[SPD, LVA]"
503,oNoto,LaLy Crystal The Blood,★★★☆,[LVA]
504,LuigiKkjk,The Kong Map,★★★,[SPD]
505,NexS7,The Box,☆,[SPD]
506,Pixell,"Winter Speed (Monochrome) (ft. Zender, Zechten, Sylcium, Eliope)",★★,[SPD]
507,Eliope,Blood Of The Racers 1 (Tilted by oNoto),★★★★☆,[LVA]
508,Aila,Aila 1,★★★☆,[LVA]
509,SmoothCatRider,First Racing Map,★★,[SPD]
510,Cowcowtony,Rainbow Road SNES (No Hooks),☆,[SPD]
511,Aila,Aila 3,★★★☆,[LVA]
512,Eliope,The Way of the Racers Lv2 (Optimized),★★★☆,"[SPD, LVA]"
513,Eliope,The Way of the Racers Lv2,★★★☆,"[SPD, LVA]"
514,Naito,Ntk 1,★★★★★,[LVA]
515,oNoto,LaLy Rises,★★★★☆,[LVA]
516,Cowcowtony,Circular Race (Sub-Lava),★★,[SPD]
517,Eliope,Volcano Race,★★★☆,"[SPD, LVA]"
518,Mb12,Galaxy Race,★★★☆,[LVA]
519,Eliope,Mayaka (Finish added),★★★,[LVA]
520,Eliope & Riblei,Port Racers + TWOR,★★☆,[SPD]
521,Loki,Unknown (5),★★★★★,[LVA]
523,Eliope,Makina Team (Matrix),★,[SPD]
524,Eliope,Makina Royal (Ice Texture),★★,[SPD]
525,Parls,PNC,★★★☆,"[SPD, LVA]"
526,Chrysoprase,Another Brick in The Wall (Lava),★★★☆,"[SPD, LVA]"
527,Zender,Spear (No Lava),☆,[SPD]
528,Guest Anon,Long Racing #2,★,[SPD]
529,Hongyao,Hong's Laboratory,☆,[SPD]
530,Riblei,Ultra Steps,★★★,"[SPD, LVA]"
531,Azis Ackerman,Puzzle map,★★★★,[LVA]
532,Eliope,Blood Of The Racers 1,★★★★☆,[LVA]
533,Cowcowtony,No Room For Hesitation,★★★☆,"[SPD, LVA]"
534,Sylcium,Hard Racing Map,★★★,[SPD]
535,Eliope,Makina Red (Full Lava Edit by Riblei),★★★☆,[LVA]
536,MaskSlave,Poll Racing,★★★★★,[LVA]
537,ZeroX,Reel In Practice,★,[SPD]
538,Riblei,Celestial Dreamer (no logic),★★☆,[SPD]
539,Riblei & Eliope,Machina 2 (No Trap),★★★★,[LVA]
540,Cherry,A ride of love (Lv1),★★★,[LVA]
